domain,parent
therich789.bet,armada-sonic01.com
betflixauto.bet,armada-sonic01.com
zeegame78.bet,armada-sonic01.com
louis99.bet,armada-sonic01.com
fd388.co,armada-sonic01.com
aw88.bet,armada-sonic01.com
starbet123.bet,armada-sonic01.com
allone99.co,armada-sonic01.com
ezybet.bet,armada-sonic01.com
mongkhon678.net,armada-sonic01.com
winner69.co,armada-sonic01.com
one878.bet,armada-sonic01.com
remit333.co,armada-sonic01.com
luffy789.bet,armada-sonic01.com
luckky639.bet,armada-sonic01.com
flip789.co,armada-sonic01.com
jedi789.bet,armada-sonic01.com
iprobet.co,armada-sonic01.com
betflix1.bet,armada-sonic01.com
fanshuay.bet,armada-sonic01.com
jrich88.co,armada-sonic01.com
perfect248.bet,armada-sonic01.com
maruay333.bet,armada-sonic01.com
pggame789.bet,armada-sonic01.com
enjoy789.bet,armada-sonic01.com
mc88club.bet,armada-sonic01.com
ufa2x.bet,armada-sonic01.com
dream168.bet,armada-sonic01.com
qq724.bet,armada-sonic04.com
bkplus159.bet,armada-sonic04.com
easyway.bet,armada-sonic04.com
newlucky.bet,armada-sonic04.com
bbet99.co,armada-sonic04.com
slotbkk.bet,armada-sonic04.com
run888.co,armada-sonic04.com
hubhengjing.co,armada-sonic04.com
guarantee789.bet,armada-sonic04.com
ygg888.net,armada-sonic04.com
gowin55.bet,armada-sonic04.com
msx911.bet,armada-sonic04.com
moowan168.co,armada-sonic04.com
kingwinn.vip,armada-sonic04.com
topking999.com,armada-sonic04.com
kingaslan.co,armada-sonic04.com
chicago678.co,armada-sonic04.com
pgslot24.info,armada-sonic04.com
red898.co,armada-sonic04.com
full88.bet,armada-sonic04.com
zaruba99.bet,armada-sonic04.com
tngame.bet,armada-sonic04.com
happy24h.info,armada-sonic04.com
pizza666.info,armada-sonic04.com
lsm99ng.bet,armada-sonic04.com
kt5558.bet,armada-sonic04.com
changbet789.bet,armada-sonic04.com
rg888auto.org,armada-sonic04.com
vipbetplay.bet,armada-sonic04.com
up432.co,armada-sonic04.com
shanghai99.bet,armada-sonic04.com
tos168.bet,armada-sonic04.com
chom998.bet,armada-sonic04.com
ncclub.bet,armada-sonic04.com
hayday168.co,armada-sonic04.com
ptt888.net,armada-sonic04.com
kanok65.bet,armada-sonic04.com
mke888.bet,armada-sonic04.com
heng808.co,armada-sonic04.com
mcm168win.net,armada-sonic04.com
kintem888.bet,armada-sonic04.com
ws588.bet,armada-sonic04.com
588ws.bet,armada-sonic04.com
suki168.bet,armada-sonic04.com
betkub66.bet,armada-sonic04.com
starbets.bet,armada-sonic04.com
4kingvip.co,armada-sonic04.com
sbobetone.bet,armada-sonic04.com
slotmybet.bet,armada-sonic04.com
ninja555.co,armada-sonic04.com
ameba88.bet,armada-sonic04.com
sunday68.bet,armada-sonic04.com
bonus77.bet,armada-sonic04.com
fuji168.co,armada-sonic04.com
pgvictory.info,armada-sonic04.com
angelrich.bet,armada-sonic04.com
lsm9999.bet,armada-sonic04.com
lava9898.net,armada-sonic04.com
ut9win.co,armada-sonic04.com
somboon.co,armada-sonic04.com
uzi88.bet,armada-sonic04.com
maxbull789.bet,armada-sonic04.com
slotxy.bet,armada-sonic04.com
rmbbetpro.bet,armada-sonic04.com
siampoker.bet,armada-sonic04.com
sk168.co,armada-sonic04.com
birdy99th.co,armada-sonic04.com
mbslot99.info,armada-sonic04.com
pakyok007.co,armada-sonic04.com
pananvip.co,armada-sonic04.com
sgkings.co,armada-sonic04.com
eve115.bet,armada-sonic04.com
laovip88.bet,armada-sonic04.com
sport168.bet,armada-sonic04.com
suzurun168.co,armada-sonic04.com
shabu189.co,armada-sonic04.com
etxbet.co,armada-sonic04.com
huaypr.bet,armada-sonic04.com
aimax.bet,armada-sonic04.com
d2dblack.bet,armada-sonic04.com
lott639.bet,armada-sonic04.com
gdpslot.bet,armada-sonic04.com
cash65.bet,armada-sonic04.com
ilibet.bet,armada-sonic04.com
pp555.bet,armada-sonic04.com
kingtop1.bet,armada-sonic04.com
fcs789.bet,armada-sonic04.com
mgwin928.bet,armada-sonic04.com
dmn7.co,armada-sonic04.com
naja369.bet,armada-sonic04.com
betg8.co,armada-sonic04.com
evo77.me,armada-sonic04.com
hubslotxo.live,armada-sonic04.com
